
use topbike;

insert into user (id, name, email, password, picture) values (1, 'yuki', 'yuki@mail.com', '12345678', 'dinero.jpg');
insert into user (id, name, email, password, picture) values (2, 'Rosa', 'redson1@washingtonpost.com', 'OQxIPgRUJ4', 'dinero.jpg');
insert into user (id, name, email, password, picture) values (3, 'Maryann', 'mshelsher2@cbsnews.com', 'OyaziXA', 'dinero.jpg');
insert into user (id, name, email, password, picture) values (4, 'Nealon', 'nworham3@bandcamp.com', 'MZy678F', 'dinero.jpg');
insert into user (id, name, email, password, picture) values (5, 'Lynette', 'lcritch4@admin.ch', 'lMuiwCT', 'dinero.jpg');
insert into user (id, name, email, password, picture) values (6, 'Valma', 'vmarcussen5@ning.com', 'Jk5Uo9M7mbt5', 'dinero.jpg');
insert into user (id, name, email, password, picture) values (7, 'Junina', 'jscamal6@whitehouse.gov', 'oT6g6cSu3', 'dinero.jpg');
insert into user (id, name, email, password, picture) values (8, 'Lorenzo', 'landrivot7@blogtalkradio.com', 'lF8gzfrFGcc1', 'dinero.jpg');
insert into user (id, name, email, password, picture) values (9, 'Ianthe', 'icargo8@google.es', 'DvMOXRy2upH', 'dinero.jpg');
insert into user (id, name, email, password, picture) values (10, 'Eolande', 'emeneyer9@mediafire.com', 'ZTz98htIOH', 'dinero.jpg');

insert into category (id, name) values (1, 'Deportiva');
insert into category (id, name) values (2, 'Playera');

insert into product (id, name, price, discount, id_category, description, image) values (1, 'Bitwolf', 12208.65, 22, 2, 'bicicleta todo andar, increible.', 'img-2.jpg');
insert into product (id, name, price, discount, id_category, description, image) values (2, 'Opela', 22887.32, 3, 2, 'bicicleta todo andar, increible.', 'img-3.jpg');
insert into product (id, name, price, discount, id_category, description, image) values (3, 'Sub-Ex', 33853.53, 35, 1, 'bicicleta todo andar, increible.', 'img-4.jpg');
insert into product (id, name, price, discount, id_category, description, image) values (4, 'Lotstring', 6216.57, 30, 2, 'bicicleta todo andar, increible.', 'img-5.jpg');
insert into product (id, name, price, discount, id_category, description, image) values (5, 'Andalax', 12757.27, 24, 2, 'bicicleta todo andar, increible.', 'img-6.jpg');
insert into product (id, name, price, discount, id_category, description, image) values (6, 'Wrapsafe', 46170.26, 8, 2, 'bicicleta todo andar, increible.', 'img-7.jpg');
insert into product (id, name, price, discount, id_category, description, image) values (7, 'Flexidy', 34986.43, 3, 1, 'bicicleta todo andar, increible.', 'img-8.jpg');
insert into product (id, name, price, discount, id_category, description, image) values (8, 'Namfix', 6285.65, 21, 1, 'bicicleta todo andar, increible.', 'img-9.jpg');
insert into product (id, name, price, discount, id_category, description, image) values (9, 'Alphazap', 49015.37, 20, 1, 'bicicleta todo andar, increible.', 'img-10.jpg');
insert into product (id, name, price, discount, id_category, description, image) values (10, 'Kanlam', 25087.08, 10, 2, 'bicicleta todo andar, increible.', 'img-11.jpg');
insert into product (id, name, price, discount, id_category, description, image) values (11, 'Zaam-Dox', 44527.63, 33, 2, 'bicicleta todo andar, increible.', 'img-12.jpg');
insert into product (id, name, price, discount, id_category, description, image) values (12, 'Bigtax', 5573.7, 15, 1, 'bicicleta todo andar, increible.', 'img-13.jpg');
insert into product (id, name, price, discount, id_category, description, image) values (13, 'Trippledex', 4364.15, 18, 2, 'bicicleta todo andar, increible.', 'img-14.jpg');
insert into product (id, name, price, discount, id_category, description, image) values (14, 'Job', 32774.83, 35, 2, 'bicicleta todo andar, increible.', 'img-15.jpg');
insert into product (id, name, price, discount, id_category, description, image) values (15, 'Cardify', 4115.39, 2, 1, 'bicicleta todo andar, increible.', 'img-16.jpg');
insert into product (id, name, price, discount, id_category, description, image) values (16, 'Wrapsafe', 49016.24, 31, 2, 'bicicleta todo andar, increible.', 'img-17.jpg');
insert into product (id, name, price, discount, id_category, description, image) values (17, 'Gembucket', 10522.41, 13, 2, 'bicicleta todo andar, increible.', 'img-18.jpg');
insert into product (id, name, price, discount, id_category, description, image) values (18, 'Bigtax', 40049.94, 5, 2, 'bicicleta todo andar, increible.', 'img-19.jpg');
insert into product (id, name, price, discount, id_category, description, image) values (19, 'Y-Solowarm', 40441.52, 0, 1, 'bicicleta todo andar, increible.', 'img-20.jpg');
insert into product (id, name, price, discount, id_category, description, image) values (20, 'Tempsoft', 47736.22, 16, 1, 'bicicleta todo andar, increible.', 'img-21.jpg');
insert into product (id, name, price, discount, id_category, description, image) values (21, 'Tresom', 30138.7, 1, 1, 'bicicleta todo andar, increible.', 'img-22.jpg');
insert into product (id, name, price, discount, id_category, description, image) values (22, 'Flowdesk', 3105.82, 18, 1, 'bicicleta todo andar, increible.', 'img-23.jpg');
insert into product (id, name, price, discount, id_category, description, image) values (23, 'Opela', 10353.88, 4, 1, 'bicicleta todo andar, increible.', 'img-24.jpg');
insert into product (id, name, price, discount, id_category, description, image) values (24, 'Daltfresh', 41333.11, 24, 2, 'bicicleta todo andar, increible.', 'img-25.jpg');
insert into product (id, name, price, discount, id_category, description, image) values (25, 'Prodder', 45436.78, 15, 1, 'bicicleta todo andar, increible.', 'img-26.jpg');
insert into product (id, name, price, discount, id_category, description, image) values (26, 'Voltsillam', 8587.8, 11, 2, 'bicicleta todo andar, increible.', 'img-27.jpg');



insert into cart (id, id_user, id_product, quantity) values (1, 1, 13, 3);
insert into cart (id, id_user, id_product, quantity) values (2, 1, 21, 1);
insert into cart (id, id_user, id_product, quantity) values (3, 1, 22, 1);
insert into cart (id, id_user, id_product, quantity) values (4, 1, 23, 2);
insert into cart (id, id_user, id_product, quantity) values (5, 2, 5, 1);
insert into cart (id, id_user, id_product, quantity) values (6, 2, 17, 3);
insert into cart (id, id_user, id_product, quantity) values (7, 3, 24, 2);
insert into cart (id, id_user, id_product, quantity) values (8, 3, 25, 1);
insert into cart (id, id_user, id_product, quantity) values (9, 4, 22, 3);
insert into cart (id, id_user, id_product, quantity) values (10, 5, 16, 2);
