insert into user (id, name, email, password, picture) values (1, 'Alma', 'aretchford0@constantcontact.com', 'NasbTJFI', 'http://dummyimage.com/208x100.png/5fa2dd/ffffff');
insert into user (id, name, email, password, picture) values (2, 'Rosa', 'redson1@washingtonpost.com', 'OQxIPgRUJ4', 'http://dummyimage.com/165x100.png/cc0000/ffffff');
insert into user (id, name, email, password, picture) values (3, 'Maryann', 'mshelsher2@cbsnews.com', 'OyaziXA', 'http://dummyimage.com/233x100.png/dddddd/000000');
insert into user (id, name, email, password, picture) values (4, 'Nealon', 'nworham3@bandcamp.com', 'MZy678F', 'http://dummyimage.com/170x100.png/ff4444/ffffff');
insert into user (id, name, email, password, picture) values (5, 'Lynette', 'lcritch4@admin.ch', 'lMuiwCT', 'http://dummyimage.com/142x100.png/5fa2dd/ffffff');
insert into user (id, name, email, password, picture) values (6, 'Valma', 'vmarcussen5@ning.com', 'Jk5Uo9M7mbt5', 'http://dummyimage.com/239x100.png/5fa2dd/ffffff');
insert into user (id, name, email, password, picture) values (7, 'Junina', 'jscamal6@whitehouse.gov', 'oT6g6cSu3', 'http://dummyimage.com/246x100.png/cc0000/ffffff');
insert into user (id, name, email, password, picture) values (8, 'Lorenzo', 'landrivot7@blogtalkradio.com', 'lF8gzfrFGcc1', 'http://dummyimage.com/120x100.png/dddddd/000000');
insert into user (id, name, email, password, picture) values (9, 'Ianthe', 'icargo8@google.es', 'DvMOXRy2upH', 'http://dummyimage.com/161x100.png/5fa2dd/ffffff');
insert into user (id, name, email, password, picture) values (10, 'Eolande', 'emeneyer9@mediafire.com', 'ZTz98htIOH', 'http://dummyimage.com/120x100.png/5fa2dd/ffffff');

insert into category (id, name) values (1, 'Deportiva');
insert into category (id, name) values (2, 'Playera');

insert into product (id, name, price, discount, id_category, description, image) values (1, 'Bitwolf', 12208.65, 22, 2, 'description lorem ipsu', 'http://dummyimage.com/120x120.png/5fa2dd/ffffff');
insert into product (id, name, price, discount, id_category, description, image) values (2, 'Opela', 22887.32, 3, 2, 'description lorem ipsu', 'http://dummyimage.com/120x120.png/5fa2dd/ffffff');
insert into product (id, name, price, discount, id_category, description, image) values (3, 'Sub-Ex', 33853.53, 35, 1, 'description lorem ipsu', 'http://dummyimage.com/120x120.png/5fa2dd/ffffff');
insert into product (id, name, price, discount, id_category, description, image) values (4, 'Lotstring', 6216.57, 30, 2, 'description lorem ipsu', 'http://dummyimage.com/120x120.png/5fa2dd/ffffff');
insert into product (id, name, price, discount, id_category, description, image) values (5, 'Andalax', 12757.27, 24, 2, 'description lorem ipsu', 'http://dummyimage.com/120x120.png/5fa2dd/ffffff');
insert into product (id, name, price, discount, id_category, description, image) values (6, 'Wrapsafe', 46170.26, 8, 2, 'description lorem ipsu', 'http://dummyimage.com/120x120.png/5fa2dd/ffffff');
insert into product (id, name, price, discount, id_category, description, image) values (7, 'Flexidy', 34986.43, 3, 1, 'description lorem ipsu', 'http://dummyimage.com/120x120.png/5fa2dd/ffffff');
insert into product (id, name, price, discount, id_category, description, image) values (8, 'Namfix', 6285.65, 21, 1, 'description lorem ipsu', 'http://dummyimage.com/120x120.png/5fa2dd/ffffff');
insert into product (id, name, price, discount, id_category, description, image) values (9, 'Alphazap', 49015.37, 20, 1, 'description lorem ipsu', 'http://dummyimage.com/120x120.png/5fa2dd/ffffff');
insert into product (id, name, price, discount, id_category, description, image) values (10, 'Kanlam', 25087.08, 10, 2, 'description lorem ipsu', 'http://dummyimage.com/120x120.png/5fa2dd/ffffff');
insert into product (id, name, price, discount, id_category, description, image) values (11, 'Zaam-Dox', 44527.63, 33, 2, 'description lorem ipsu', 'http://dummyimage.com/120x120.png/5fa2dd/ffffff');
insert into product (id, name, price, discount, id_category, description, image) values (12, 'Bigtax', 5573.7, 15, 1, 'description lorem ipsu', 'http://dummyimage.com/120x120.png/5fa2dd/ffffff');
insert into product (id, name, price, discount, id_category, description, image) values (13, 'Trippledex', 4364.15, 18, 2, 'description lorem ipsu', 'http://dummyimage.com/120x120.png/5fa2dd/ffffff');
insert into product (id, name, price, discount, id_category, description, image) values (14, 'Job', 32774.83, 35, 2, 'description lorem ipsu', 'http://dummyimage.com/120x120.png/5fa2dd/ffffff');
insert into product (id, name, price, discount, id_category, description, image) values (15, 'Cardify', 4115.39, 2, 1, 'description lorem ipsu', 'http://dummyimage.com/120x120.png/5fa2dd/ffffff');
insert into product (id, name, price, discount, id_category, description, image) values (16, 'Wrapsafe', 49016.24, 31, 2, 'description lorem ipsu', 'http://dummyimage.com/120x120.png/5fa2dd/ffffff');
insert into product (id, name, price, discount, id_category, description, image) values (17, 'Gembucket', 10522.41, 13, 2, 'description lorem ipsu', 'http://dummyimage.com/120x120.png/5fa2dd/ffffff');
insert into product (id, name, price, discount, id_category, description, image) values (18, 'Bigtax', 40049.94, 5, 2, 'description lorem ipsu', 'http://dummyimage.com/120x120.png/5fa2dd/ffffff');
insert into product (id, name, price, discount, id_category, description, image) values (19, 'Y-Solowarm', 40441.52, 0, 1, 'description lorem ipsu', 'http://dummyimage.com/120x120.png/5fa2dd/ffffff');
insert into product (id, name, price, discount, id_category, description, image) values (20, 'Tempsoft', 47736.22, 16, 1, 'description lorem ipsu', 'http://dummyimage.com/120x120.png/5fa2dd/ffffff');
insert into product (id, name, price, discount, id_category, description, image) values (21, 'Tresom', 30138.7, 1, 1, 'description lorem ipsu', 'http://dummyimage.com/120x120.png/5fa2dd/ffffff');
insert into product (id, name, price, discount, id_category, description, image) values (22, 'Flowdesk', 3105.82, 18, 1, 'description lorem ipsu', 'http://dummyimage.com/120x120.png/5fa2dd/ffffff');
insert into product (id, name, price, discount, id_category, description, image) values (23, 'Opela', 10353.88, 4, 1, 'description lorem ipsu', 'http://dummyimage.com/120x120.png/5fa2dd/ffffff');
insert into product (id, name, price, discount, id_category, description, image) values (24, 'Daltfresh', 41333.11, 24, 2, 'description lorem ipsu', 'http://dummyimage.com/120x120.png/5fa2dd/ffffff');
insert into product (id, name, price, discount, id_category, description, image) values (25, 'Prodder', 45436.78, 15, 1, 'description lorem ipsu', 'http://dummyimage.com/120x120.png/5fa2dd/ffffff');
insert into product (id, name, price, discount, id_category, description, image) values (26, 'Voltsillam', 8587.8, 11, 2, 'description lorem ipsu', 'http://dummyimage.com/120x120.png/5fa2dd/ffffff');
insert into product (id, name, price, discount, id_category, description, image) values (27, 'Otcom', 24702.34, 1, 2, 'description lorem ipsu', 'http://dummyimage.com/120x120.png/5fa2dd/ffffff');
insert into product (id, name, price, discount, id_category, description, image) values (28, 'Bigtax', 48757.25, 19, 1, 'description lorem ipsu', 'http://dummyimage.com/120x120.png/5fa2dd/ffffff');
insert into product (id, name, price, discount, id_category, description, image) values (29, 'Sub-Ex', 39074.82, 19, 2, 'description lorem ipsu', 'http://dummyimage.com/120x120.png/5fa2dd/ffffff');
insert into product (id, name, price, discount, id_category, description, image) values (30, 'Trippledex', 10733.8, 11, 1, 'description lorem ipsu', 'http://dummyimage.com/120x120.png/5fa2dd/ffffff');
insert into product (id, name, price, discount, id_category, description, image) values (31, 'Namfix', 39724.0, 18, 1, 'description lorem ipsu', 'http://dummyimage.com/120x120.png/5fa2dd/ffffff');
insert into product (id, name, price, discount, id_category, description, image) values (32, 'Cookley', 26589.35, 14, 2, 'description lorem ipsu', 'http://dummyimage.com/120x120.png/5fa2dd/ffffff');
insert into product (id, name, price, discount, id_category, description, image) values (33, 'It', 36592.42, 21, 1, 'description lorem ipsu', 'http://dummyimage.com/120x120.png/5fa2dd/ffffff');
insert into product (id, name, price, discount, id_category, description, image) values (34, 'Y-find', 21301.28, 31, 2, 'description lorem ipsu', 'http://dummyimage.com/120x120.png/5fa2dd/ffffff');
insert into product (id, name, price, discount, id_category, description, image) values (35, 'Duobam', 27918.72, 20, 1, 'description lorem ipsu', 'http://dummyimage.com/120x120.png/5fa2dd/ffffff');
insert into product (id, name, price, discount, id_category, description, image) values (36, 'Cookley', 30193.9, 22, 2, 'description lorem ipsu', 'http://dummyimage.com/120x120.png/5fa2dd/ffffff');
insert into product (id, name, price, discount, id_category, description, image) values (37, 'Sonsing', 7969.03, 27, 2, 'description lorem ipsu', 'http://dummyimage.com/120x120.png/5fa2dd/ffffff');
insert into product (id, name, price, discount, id_category, description, image) values (38, 'Job', 38831.92, 33, 2, 'description lorem ipsu', 'http://dummyimage.com/120x120.png/5fa2dd/ffffff');
insert into product (id, name, price, discount, id_category, description, image) values (39, 'Y-Solowarm', 38574.91, 32, 1, 'description lorem ipsu', 'http://dummyimage.com/120x120.png/5fa2dd/ffffff');
insert into product (id, name, price, discount, id_category, description, image) values (40, 'Flexidy', 30630.93, 35, 2, 'description lorem ipsu', 'http://dummyimage.com/120x120.png/5fa2dd/ffffff');
insert into product (id, name, price, discount, id_category, description, image) values (41, 'Zoolab', 3709.78, 13, 2, 'description lorem ipsu', 'http://dummyimage.com/120x120.png/5fa2dd/ffffff');
insert into product (id, name, price, discount, id_category, description, image) values (42, 'Toughjoyfax', 12220.79, 4, 1, 'description lorem ipsu', 'http://dummyimage.com/120x120.png/5fa2dd/ffffff');
insert into product (id, name, price, discount, id_category, description, image) values (43, 'Veribet', 25899.68, 4, 1, 'description lorem ipsu', 'http://dummyimage.com/120x120.png/5fa2dd/ffffff');
insert into product (id, name, price, discount, id_category, description, image) values (44, 'Overhold', 44901.39, 13, 2, 'description lorem ipsu', 'http://dummyimage.com/120x120.png/5fa2dd/ffffff');
insert into product (id, name, price, discount, id_category, description, image) values (45, 'Bitwolf', 14223.88, 30, 1, 'description lorem ipsu', 'http://dummyimage.com/120x120.png/5fa2dd/ffffff');
insert into product (id, name, price, discount, id_category, description, image) values (46, 'Zathin', 18176.26, 12, 2, 'description lorem ipsu', 'http://dummyimage.com/120x120.png/5fa2dd/ffffff');
insert into product (id, name, price, discount, id_category, description, image) values (47, 'Konklab', 3324.56, 30, 2, 'description lorem ipsu', 'http://dummyimage.com/120x120.png/5fa2dd/ffffff');
insert into product (id, name, price, discount, id_category, description, image) values (48, 'Temp', 18880.01, 12, 1, 'description lorem ipsu', 'http://dummyimage.com/120x120.png/5fa2dd/ffffff');
insert into product (id, name, price, discount, id_category, description, image) values (49, 'Tampflex', 13437.47, 30, 2, 'description lorem ipsu', 'http://dummyimage.com/120x120.png/5fa2dd/ffffff');
insert into product (id, name, price, discount, id_category, description, image) values (50, 'Viva', 17175.77, 8, 1, 'description lorem ipsu', 'http://dummyimage.com/120x120.png/5fa2dd/ffffff');


insert into cart (id, id_user, id_product, quantity) values (1, 1, 13, 3);
insert into cart (id, id_user, id_product, quantity) values (2, 1, 21, 1);
insert into cart (id, id_user, id_product, quantity) values (3, 1, 42, 1);
insert into cart (id, id_user, id_product, quantity) values (4, 1, 23, 2);
insert into cart (id, id_user, id_product, quantity) values (5, 2, 5, 1);
insert into cart (id, id_user, id_product, quantity) values (6, 2, 17, 3);
insert into cart (id, id_user, id_product, quantity) values (7, 3, 34, 2);
insert into cart (id, id_user, id_product, quantity) values (8, 3, 25, 1);
insert into cart (id, id_user, id_product, quantity) values (9, 4, 22, 3);
insert into cart (id, id_user, id_product, quantity) values (10, 5, 46, 2);